"filename", "language", "JSON", "XML", "JavaScript", "YAML", "PostCSS", "Markdown", "Handlebars", "HTML", "SCSS", "comment", "blank", "total"
"c:\Users\paulw\OneDrive\Documents\Development\AlienRPG Module Developemt\alienrpg\.github\workflows\main.yml", "YAML", 0, 0, 0, 55, 0, 0, 0, 0, 0, 17, 8, 80
"c:\Users\paulw\OneDrive\Documents\Development\AlienRPG Module Developemt\alienrpg\Mother Instructions\Foundry Page.html", "HTML", 0, 0, 0, 0, 0, 0, 0, 45, 0, 0, 8, 53
"c:\Users\paulw\OneDrive\Documents\Development\AlienRPG Module Developemt\alienrpg\Mother Instructions\Mother Instructions EN.html", "HTML", 0, 0, 0, 0, 0, 0, 0, 1284, 0, 1, 58, 1343
"c:\Users\paulw\OneDrive\Documents\Development\AlienRPG Module Developemt\alienrpg\README.md", "Markdown", 0, 0, 0, 0, 0, 36, 0, 0, 0, 0, 8, 44
"c:\Users\paulw\OneDrive\Documents\Development\AlienRPG Module Developemt\alienrpg\biome.json", "JSON", 58, 0, 0, 0, 0, 0, 0, 0, 0, 0, 1, 59
"c:\Users\paulw\OneDrive\Documents\Development\AlienRPG Module Developemt\alienrpg\css\alienrpg.css", "PostCSS", 0, 0, 0, 0, 6187, 0, 0, 0, 0, 103, 898, 7188
"c:\Users\paulw\OneDrive\Documents\Development\AlienRPG Module Developemt\alienrpg\gulpfile.js", "JavaScript", 0, 0, 32, 0, 0, 0, 0, 0, 0, 11, 8, 51
"c:\Users\paulw\OneDrive\Documents\Development\AlienRPG Module Developemt\alienrpg\images\border-image.svg", "XML", 0, 1, 0, 0, 0, 0, 0, 0, 0, 0, 0, 1
"c:\Users\paulw\OneDrive\Documents\Development\AlienRPG Module Developemt\alienrpg\images\downarrow.svg", "XML", 0, 1, 0, 0, 0, 0, 0, 0, 0, 0, 0, 1
"c:\Users\paulw\OneDrive\Documents\Development\AlienRPG Module Developemt\alienrpg\images\example-border-image.svg", "XML", 0, 1, 0, 0, 0, 0, 0, 0, 0, 0, 0, 1
"c:\Users\paulw\OneDrive\Documents\Development\AlienRPG Module Developemt\alienrpg\images\freezing.svg", "XML", 0, 1, 0, 0, 0, 0, 0, 0, 0, 0, 0, 1
"c:\Users\paulw\OneDrive\Documents\Development\AlienRPG Module Developemt\alienrpg\images\icons\auto-repair.svg", "XML", 0, 1, 0, 0, 0, 0, 0, 0, 0, 0, 0, 1
"c:\Users\paulw\OneDrive\Documents\Development\AlienRPG Module Developemt\alienrpg\images\icons\diagram.svg", "XML", 0, 1, 0, 0, 0, 0, 0, 0, 0, 0, 0, 1
"c:\Users\paulw\OneDrive\Documents\Development\AlienRPG Module Developemt\alienrpg\images\icons\digital-trace.svg", "XML", 0, 1, 0, 0, 0, 0, 0, 0, 0, 0, 0, 1
"c:\Users\paulw\OneDrive\Documents\Development\AlienRPG Module Developemt\alienrpg\images\icons\double-ringed-orb.svg", "XML", 0, 1, 0, 0, 0, 0, 0, 0, 0, 0, 0, 1
"c:\Users\paulw\OneDrive\Documents\Development\AlienRPG Module Developemt\alienrpg\images\icons\fire-dash.svg", "XML", 0, 1, 0, 0, 0, 0, 0, 0, 0, 0, 0, 1
"c:\Users\paulw\OneDrive\Documents\Development\AlienRPG Module Developemt\alienrpg\images\icons\full-folder.svg", "XML", 0, 1, 0, 0, 0, 0, 0, 0, 0, 0, 0, 1
"c:\Users\paulw\OneDrive\Documents\Development\AlienRPG Module Developemt\alienrpg\images\icons\habitat-dome.svg", "XML", 0, 1, 0, 0, 0, 0, 0, 0, 0, 0, 0, 1
"c:\Users\paulw\OneDrive\Documents\Development\AlienRPG Module Developemt\alienrpg\images\icons\nested-eclipses.svg", "XML", 0, 1, 0, 0, 0, 0, 0, 0, 0, 0, 0, 1
"c:\Users\paulw\OneDrive\Documents\Development\AlienRPG Module Developemt\alienrpg\images\icons\solar-system.svg", "XML", 0, 1, 0, 0, 0, 0, 0, 0, 0, 0, 0, 1
"c:\Users\paulw\OneDrive\Documents\Development\AlienRPG Module Developemt\alienrpg\images\icons\spanner.svg", "XML", 0, 1, 0, 0, 0, 0, 0, 0, 0, 0, 0, 1
"c:\Users\paulw\OneDrive\Documents\Development\AlienRPG Module Developemt\alienrpg\images\icons\sprint.svg", "XML", 0, 1, 0, 0, 0, 0, 0, 0, 0, 0, 0, 1
"c:\Users\paulw\OneDrive\Documents\Development\AlienRPG Module Developemt\alienrpg\images\overwatch.svg", "XML", 0, 1, 0, 0, 0, 0, 0, 0, 0, 0, 0, 1
"c:\Users\paulw\OneDrive\Documents\Development\AlienRPG Module Developemt\alienrpg\images\panic.svg", "XML", 0, 1, 0, 0, 0, 0, 0, 0, 0, 0, 0, 1
"c:\Users\paulw\OneDrive\Documents\Development\AlienRPG Module Developemt\alienrpg\images\radiation.svg", "XML", 0, 1, 0, 0, 0, 0, 0, 0, 0, 0, 0, 1
"c:\Users\paulw\OneDrive\Documents\Development\AlienRPG Module Developemt\alienrpg\images\shipslog.svg", "XML", 0, 1, 0, 0, 0, 0, 0, 0, 0, 0, 0, 1
"c:\Users\paulw\OneDrive\Documents\Development\AlienRPG Module Developemt\alienrpg\images\starving.svg", "XML", 0, 1, 0, 0, 0, 0, 0, 0, 0, 0, 0, 1
"c:\Users\paulw\OneDrive\Documents\Development\AlienRPG Module Developemt\alienrpg\jsconfig.json", "JSON", 4, 0, 0, 0, 0, 0, 0, 0, 0, 0, 1, 5
"c:\Users\paulw\OneDrive\Documents\Development\AlienRPG Module Developemt\alienrpg\jtmConfig.json", "JSON", 4, 0, 0, 0, 0, 0, 0, 0, 0, 0, 0, 4
"c:\Users\paulw\OneDrive\Documents\Development\AlienRPG Module Developemt\alienrpg\lang\cn.json", "JSON", 530, 0, 0, 0, 0, 0, 0, 0, 0, 0, 1, 531
"c:\Users\paulw\OneDrive\Documents\Development\AlienRPG Module Developemt\alienrpg\lang\de.json", "JSON", 645, 0, 0, 0, 0, 0, 0, 0, 0, 0, 1, 646
"c:\Users\paulw\OneDrive\Documents\Development\AlienRPG Module Developemt\alienrpg\lang\en.json", "JSON", 645, 0, 0, 0, 0, 0, 0, 0, 0, 0, 1, 646
"c:\Users\paulw\OneDrive\Documents\Development\AlienRPG Module Developemt\alienrpg\lang\es.json", "JSON", 530, 0, 0, 0, 0, 0, 0, 0, 0, 0, 1, 531
"c:\Users\paulw\OneDrive\Documents\Development\AlienRPG Module Developemt\alienrpg\lang\fr.json", "JSON", 530, 0, 0, 0, 0, 0, 0, 0, 0, 0, 1, 531
"c:\Users\paulw\OneDrive\Documents\Development\AlienRPG Module Developemt\alienrpg\lang\it.json", "JSON", 530, 0, 0, 0, 0, 0, 0, 0, 0, 0, 1, 531
"c:\Users\paulw\OneDrive\Documents\Development\AlienRPG Module Developemt\alienrpg\lang\pl.json", "JSON", 527, 0, 0, 0, 0, 0, 0, 0, 0, 0, 1, 528
"c:\Users\paulw\OneDrive\Documents\Development\AlienRPG Module Developemt\alienrpg\lang\pt-br.json", "JSON", 530, 0, 0, 0, 0, 0, 0, 0, 0, 0, 1, 531
"c:\Users\paulw\OneDrive\Documents\Development\AlienRPG Module Developemt\alienrpg\lang\zh-tw.json", "JSON", 530, 0, 0, 0, 0, 0, 0, 0, 0, 0, 1, 531
"c:\Users\paulw\OneDrive\Documents\Development\AlienRPG Module Developemt\alienrpg\macros\create-actor.js", "JavaScript", 0, 0, 9346, 0, 0, 0, 0, 0, 0, 24, 29, 9399
"c:\Users\paulw\OneDrive\Documents\Development\AlienRPG Module Developemt\alienrpg\macros\fvtt-RollTable-critical-injuries-template.json", "JSON", 442, 0, 0, 0, 0, 0, 0, 0, 0, 0, 1, 443
"c:\Users\paulw\OneDrive\Documents\Development\AlienRPG Module Developemt\alienrpg\macros\gmRollCreatureTables.js", "JavaScript", 0, 0, 62, 0, 0, 0, 0, 0, 0, 0, 5, 67
"c:\Users\paulw\OneDrive\Documents\Development\AlienRPG Module Developemt\alienrpg\macros\gmRollMotherTables.js", "JavaScript", 0, 0, 62, 0, 0, 0, 0, 0, 0, 0, 4, 66
"c:\Users\paulw\OneDrive\Documents\Development\AlienRPG Module Developemt\alienrpg\macros\gmRollYZEDiceMacro.js", "JavaScript", 0, 0, 45, 0, 0, 0, 0, 0, 0, 0, 5, 50
"c:\Users\paulw\OneDrive\Documents\Development\AlienRPG Module Developemt\alienrpg\macros\playerRollYZEDiceMacro.js", "JavaScript", 0, 0, 49, 0, 0, 0, 0, 0, 0, 3, 5, 57
"c:\Users\paulw\OneDrive\Documents\Development\AlienRPG Module Developemt\alienrpg\misc files\CSB-macro.js", "JavaScript", 0, 0, 176, 0, 0, 0, 0, 0, 0, 5, 15, 196
"c:\Users\paulw\OneDrive\Documents\Development\AlienRPG Module Developemt\alienrpg\misc files\fvtt-RollTable-spaceship-major-component-damage.json", "JSON", 161, 0, 0, 0, 0, 0, 0, 0, 0, 0, 1, 162
"c:\Users\paulw\OneDrive\Documents\Development\AlienRPG Module Developemt\alienrpg\misc files\fvtt-RollTable-spaceship-minor-component-damage.json", "JSON", 353, 0, 0, 0, 0, 0, 0, 0, 0, 0, 1, 354
"c:\Users\paulw\OneDrive\Documents\Development\AlienRPG Module Developemt\alienrpg\module\actor\colony-sheet.js", "JavaScript", 0, 0, 266, 0, 0, 0, 0, 0, 0, 80, 39, 385
"c:\Users\paulw\OneDrive\Documents\Development\AlienRPG Module Developemt\alienrpg\module\actor\old-actor-sheet.js", "JavaScript", 0, 0, 1173, 0, 0, 0, 0, 0, 0, 137, 150, 1460
"c:\Users\paulw\OneDrive\Documents\Development\AlienRPG Module Developemt\alienrpg\module\actor\old-actor.js", "JavaScript", 0, 0, 1632, 0, 0, 0, 0, 0, 0, 111, 138, 1881
"c:\Users\paulw\OneDrive\Documents\Development\AlienRPG Module Developemt\alienrpg\module\actor\old-rollTableData.js", "JavaScript", 0, 0, 27, 0, 0, 0, 0, 0, 0, 3, 5, 35
"c:\Users\paulw\OneDrive\Documents\Development\AlienRPG Module Developemt\alienrpg\module\actor\old-spacecraft-sheet.js", "JavaScript", 0, 0, 563, 0, 0, 0, 0, 0, 0, 119, 82, 764
"c:\Users\paulw\OneDrive\Documents\Development\AlienRPG Module Developemt\alienrpg\module\actor\planet-sheet.js", "JavaScript", 0, 0, 47, 0, 0, 0, 0, 0, 0, 26, 11, 84
"c:\Users\paulw\OneDrive\Documents\Development\AlienRPG Module Developemt\alienrpg\module\alienrpg.mjs", "JavaScript", 0, 0, 453, 0, 0, 0, 0, 0, 0, 132, 75, 660
"c:\Users\paulw\OneDrive\Documents\Development\AlienRPG Module Developemt\alienrpg\module\apps\init.mjs", "JavaScript", 0, 0, 135, 0, 0, 0, 0, 0, 0, 22, 17, 174
"c:\Users\paulw\OneDrive\Documents\Development\AlienRPG Module Developemt\alienrpg\module\apps\migratefolders.js", "JavaScript", 0, 0, 167, 0, 0, 0, 0, 0, 0, 17, 23, 207
"c:\Users\paulw\OneDrive\Documents\Development\AlienRPG Module Developemt\alienrpg\module\apps\update.js", "JavaScript", 0, 0, 118, 0, 0, 0, 0, 0, 0, 28, 17, 163
"c:\Users\paulw\OneDrive\Documents\Development\AlienRPG Module Developemt\alienrpg\module\common.js", "JavaScript", 0, 0, 54, 0, 0, 0, 0, 0, 0, 18, 18, 90
"c:\Users\paulw\OneDrive\Documents\Development\AlienRPG Module Developemt\alienrpg\module\data\_module.mjs", "JavaScript", 0, 0, 24, 0, 0, 0, 0, 0, 0, 1, 2, 27
"c:\Users\paulw\OneDrive\Documents\Development\AlienRPG Module Developemt\alienrpg\module\data\actor-character.mjs", "JavaScript", 0, 0, 483, 0, 0, 0, 0, 0, 0, 20, 33, 536
"c:\Users\paulw\OneDrive\Documents\Development\AlienRPG Module Developemt\alienrpg\module\data\actor-colony.mjs", "JavaScript", 0, 0, 88, 0, 0, 0, 0, 0, 0, 12, 10, 110
"c:\Users\paulw\OneDrive\Documents\Development\AlienRPG Module Developemt\alienrpg\module\data\actor-creature.mjs", "JavaScript", 0, 0, 86, 0, 0, 0, 0, 0, 0, 8, 14, 108
"c:\Users\paulw\OneDrive\Documents\Development\AlienRPG Module Developemt\alienrpg\module\data\actor-planet.mjs", "JavaScript", 0, 0, 78, 0, 0, 0, 0, 0, 0, 5, 11, 94
"c:\Users\paulw\OneDrive\Documents\Development\AlienRPG Module Developemt\alienrpg\module\data\actor-spacecraft.mjs", "JavaScript", 0, 0, 154, 0, 0, 0, 0, 0, 0, 11, 16, 181
"c:\Users\paulw\OneDrive\Documents\Development\AlienRPG Module Developemt\alienrpg\module\data\actor-synthetic.mjs", "JavaScript", 0, 0, 474, 0, 0, 0, 0, 0, 0, 18, 31, 523
"c:\Users\paulw\OneDrive\Documents\Development\AlienRPG Module Developemt\alienrpg\module\data\actor-territiory.mjs", "JavaScript", 0, 0, 26, 0, 0, 0, 0, 0, 0, 3, 7, 36
"c:\Users\paulw\OneDrive\Documents\Development\AlienRPG Module Developemt\alienrpg\module\data\actor-vehicle.mjs", "JavaScript", 0, 0, 144, 0, 0, 0, 0, 0, 0, 5, 14, 163
"c:\Users\paulw\OneDrive\Documents\Development\AlienRPG Module Developemt\alienrpg\module\data\base-actor.mjs", "JavaScript", 0, 0, 10, 0, 0, 0, 0, 0, 0, 1, 4, 15
"c:\Users\paulw\OneDrive\Documents\Development\AlienRPG Module Developemt\alienrpg\module\data\base-item.mjs", "JavaScript", 0, 0, 40, 0, 0, 0, 0, 0, 0, 4, 4, 48
"c:\Users\paulw\OneDrive\Documents\Development\AlienRPG Module Developemt\alienrpg\module\data\effect\_module.mjs", "JavaScript", 0, 0, 2, 0, 0, 0, 0, 0, 0, 0, 1, 3
"c:\Users\paulw\OneDrive\Documents\Development\AlienRPG Module Developemt\alienrpg\module\data\effect\ability-modifier.mjs", "JavaScript", 0, 0, 24, 0, 0, 0, 0, 0, 0, 17, 12, 53
"c:\Users\paulw\OneDrive\Documents\Development\AlienRPG Module Developemt\alienrpg\module\data\effect\base.mjs", "JavaScript", 0, 0, 51, 0, 0, 0, 0, 0, 0, 63, 32, 146
"c:\Users\paulw\OneDrive\Documents\Development\AlienRPG Module Developemt\alienrpg\module\data\helpers.mjs", "JavaScript", 0, 0, 3, 0, 0, 0, 0, 0, 0, 39, 10, 52
"c:\Users\paulw\OneDrive\Documents\Development\AlienRPG Module Developemt\alienrpg\module\data\item-agenda.mjs", "JavaScript", 0, 0, 20, 0, 0, 0, 0, 0, 0, 0, 6, 26
"c:\Users\paulw\OneDrive\Documents\Development\AlienRPG Module Developemt\alienrpg\module\data\item-armor.mjs", "JavaScript", 0, 0, 57, 0, 0, 0, 0, 0, 0, 0, 8, 65
"c:\Users\paulw\OneDrive\Documents\Development\AlienRPG Module Developemt\alienrpg\module\data\item-colony-initiative.mjs", "JavaScript", 0, 0, 60, 0, 0, 0, 0, 0, 0, 14, 7, 81
"c:\Users\paulw\OneDrive\Documents\Development\AlienRPG Module Developemt\alienrpg\module\data\item-crit-inj.mjs", "JavaScript", 0, 0, 36, 0, 0, 0, 0, 0, 0, 0, 6, 42
"c:\Users\paulw\OneDrive\Documents\Development\AlienRPG Module Developemt\alienrpg\module\data\item-feature.mjs", "JavaScript", 0, 0, 4, 0, 0, 0, 0, 0, 0, 0, 2, 6
"c:\Users\paulw\OneDrive\Documents\Development\AlienRPG Module Developemt\alienrpg\module\data\item-item.mjs", "JavaScript", 0, 0, 81, 0, 0, 0, 0, 0, 0, 8, 7, 96
"c:\Users\paulw\OneDrive\Documents\Development\AlienRPG Module Developemt\alienrpg\module\data\item-planet-system.mjs", "JavaScript", 0, 0, 65, 0, 0, 0, 0, 0, 0, 8, 8, 81
"c:\Users\paulw\OneDrive\Documents\Development\AlienRPG Module Developemt\alienrpg\module\data\item-spacecraft-crit.mjs", "JavaScript", 0, 0, 25, 0, 0, 0, 0, 0, 0, 0, 5, 30
"c:\Users\paulw\OneDrive\Documents\Development\AlienRPG Module Developemt\alienrpg\module\data\item-spacecraftmods.mjs", "JavaScript", 0, 0, 47, 0, 0, 0, 0, 0, 0, 16, 6, 69
"c:\Users\paulw\OneDrive\Documents\Development\AlienRPG Module Developemt\alienrpg\module\data\item-spacecraftweapons.mjs", "JavaScript", 0, 0, 65, 0, 0, 0, 0, 0, 0, 16, 6, 87
"c:\Users\paulw\OneDrive\Documents\Development\AlienRPG Module Developemt\alienrpg\module\data\item-specialty.mjs", "JavaScript", 0, 0, 20, 0, 0, 0, 0, 0, 0, 0, 6, 26
"c:\Users\paulw\OneDrive\Documents\Development\AlienRPG Module Developemt\alienrpg\module\data\item-stunts.mjs", "JavaScript", 0, 0, 16, 0, 0, 0, 0, 0, 0, 0, 5, 21
"c:\Users\paulw\OneDrive\Documents\Development\AlienRPG Module Developemt\alienrpg\module\data\item-talent.mjs", "JavaScript", 0, 0, 26, 0, 0, 0, 0, 0, 0, 0, 6, 32
"c:\Users\paulw\OneDrive\Documents\Development\AlienRPG Module Developemt\alienrpg\module\data\item-weapon.mjs", "JavaScript", 0, 0, 98, 0, 0, 0, 0, 0, 0, 16, 7, 121
"c:\Users\paulw\OneDrive\Documents\Development\AlienRPG Module Developemt\alienrpg\module\devmsg.js", "JavaScript", 0, 0, 31, 0, 0, 0, 0, 0, 0, 6, 2, 39
"c:\Users\paulw\OneDrive\Documents\Development\AlienRPG Module Developemt\alienrpg\module\documents\active-effect.mjs", "JavaScript", 0, 0, 88, 0, 0, 0, 0, 0, 0, 93, 38, 219
"c:\Users\paulw\OneDrive\Documents\Development\AlienRPG Module Developemt\alienrpg\module\documents\actor.mjs", "JavaScript", 0, 0, 2151, 0, 0, 0, 0, 0, 0, 157, 136, 2444
"c:\Users\paulw\OneDrive\Documents\Development\AlienRPG Module Developemt\alienrpg\module\documents\item.mjs", "JavaScript", 0, 0, 665, 0, 0, 0, 0, 0, 0, 53, 34, 752
"c:\Users\paulw\OneDrive\Documents\Development\AlienRPG Module Developemt\alienrpg\module\helpers\CBTracker.mjs", "JavaScript", 0, 0, 126, 0, 0, 0, 0, 0, 0, 7, 3, 136
"c:\Users\paulw\OneDrive\Documents\Development\AlienRPG Module Developemt\alienrpg\module\helpers\YZEDiceRoller.mjs", "JavaScript", 0, 0, 502, 0, 0, 0, 0, 0, 0, 91, 43, 636
"c:\Users\paulw\OneDrive\Documents\Development\AlienRPG Module Developemt\alienrpg\module\helpers\alienRPGBaseDice.mjs", "JavaScript", 0, 0, 40, 0, 0, 0, 0, 0, 0, 10, 11, 61
"c:\Users\paulw\OneDrive\Documents\Development\AlienRPG Module Developemt\alienrpg\module\helpers\alienRPGConfig.mjs", "JavaScript", 0, 0, 71, 0, 0, 0, 0, 0, 0, 5, 15, 91
"c:\Users\paulw\OneDrive\Documents\Development\AlienRPG Module Developemt\alienrpg\module\helpers\alienprgSettings.hbs", "Handlebars", 0, 0, 0, 0, 0, 0, 47, 0, 0, 1, 4, 52
"c:\Users\paulw\OneDrive\Documents\Development\AlienRPG Module Developemt\alienrpg\module\helpers\combat.mjs", "JavaScript", 0, 0, 165, 0, 0, 0, 0, 0, 0, 27, 20, 212
"c:\Users\paulw\OneDrive\Documents\Development\AlienRPG Module Developemt\alienrpg\module\helpers\common.mjs", "JavaScript", 0, 0, 54, 0, 0, 0, 0, 0, 0, 18, 18, 90
"c:\Users\paulw\OneDrive\Documents\Development\AlienRPG Module Developemt\alienrpg\module\helpers\config.mjs", "JavaScript", 0, 0, 536, 0, 0, 0, 0, 0, 0, 8, 27, 571
"c:\Users\paulw\OneDrive\Documents\Development\AlienRPG Module Developemt\alienrpg\module\helpers\effects.mjs", "JavaScript", 0, 0, 28, 0, 0, 0, 0, 0, 0, 8, 3, 39
"c:\Users\paulw\OneDrive\Documents\Development\AlienRPG Module Developemt\alienrpg\module\helpers\enricher.mjs", "JavaScript", 0, 0, 145, 0, 0, 0, 0, 0, 0, 6, 4, 155
"c:\Users\paulw\OneDrive\Documents\Development\AlienRPG Module Developemt\alienrpg\module\helpers\handlebars.mjs", "JavaScript", 0, 0, 78, 0, 0, 0, 0, 0, 0, 55, 16, 149
"c:\Users\paulw\OneDrive\Documents\Development\AlienRPG Module Developemt\alienrpg\module\helpers\logger.mjs", "JavaScript", 0, 0, 39, 0, 0, 0, 0, 0, 0, 5, 9, 53
"c:\Users\paulw\OneDrive\Documents\Development\AlienRPG Module Developemt\alienrpg\module\helpers\rollTableData.mjs", "JavaScript", 0, 0, 33, 0, 0, 0, 0, 0, 0, 3, 5, 41
"c:\Users\paulw\OneDrive\Documents\Development\AlienRPG Module Developemt\alienrpg\module\helpers\settings.mjs", "JavaScript", 0, 0, 196, 0, 0, 0, 0, 0, 0, 3, 19, 218
"c:\Users\paulw\OneDrive\Documents\Development\AlienRPG Module Developemt\alienrpg\module\helpers\utils.mjs", "JavaScript", 0, 0, 73, 0, 0, 0, 0, 0, 0, 59, 27, 159
"c:\Users\paulw\OneDrive\Documents\Development\AlienRPG Module Developemt\alienrpg\module\logger.js", "JavaScript", 0, 0, 39, 0, 0, 0, 0, 0, 0, 5, 10, 54
"c:\Users\paulw\OneDrive\Documents\Development\AlienRPG Module Developemt\alienrpg\module\migration.js", "JavaScript", 0, 0, 96, 0, 0, 0, 0, 0, 0, 154, 28, 278
"c:\Users\paulw\OneDrive\Documents\Development\AlienRPG Module Developemt\alienrpg\module\sheets\_module.mjs", "JavaScript", 0, 0, 10, 0, 0, 0, 0, 0, 0, 0, 1, 11
"c:\Users\paulw\OneDrive\Documents\Development\AlienRPG Module Developemt\alienrpg\module\sheets\active-effect-config.mjs", "JavaScript", 0, 0, 39, 0, 0, 0, 0, 0, 0, 10, 10, 59
"c:\Users\paulw\OneDrive\Documents\Development\AlienRPG Module Developemt\alienrpg\module\sheets\character-sheet.mjs", "JavaScript", 0, 0, 1157, 0, 0, 0, 0, 0, 0, 315, 108, 1580
"c:\Users\paulw\OneDrive\Documents\Development\AlienRPG Module Developemt\alienrpg\module\sheets\colony-sheet.mjs", "JavaScript", 0, 0, 493, 0, 0, 0, 0, 0, 0, 319, 77, 889
"c:\Users\paulw\OneDrive\Documents\Development\AlienRPG Module Developemt\alienrpg\module\sheets\creature-sheet.mjs", "JavaScript", 0, 0, 484, 0, 0, 0, 0, 0, 0, 229, 62, 775
"c:\Users\paulw\OneDrive\Documents\Development\AlienRPG Module Developemt\alienrpg\module\sheets\item-sheet.mjs", "JavaScript", 0, 0, 630, 0, 0, 0, 0, 0, 0, 246, 61, 937
"c:\Users\paulw\OneDrive\Documents\Development\AlienRPG Module Developemt\alienrpg\module\sheets\planet-sheet.mjs", "JavaScript", 0, 0, 323, 0, 0, 0, 0, 0, 0, 243, 53, 619
"c:\Users\paulw\OneDrive\Documents\Development\AlienRPG Module Developemt\alienrpg\module\sheets\spacecraft-sheet.mjs", "JavaScript", 0, 0, 1183, 0, 0, 0, 0, 0, 0, 365, 118, 1666
"c:\Users\paulw\OneDrive\Documents\Development\AlienRPG Module Developemt\alienrpg\module\sheets\synthetic-sheet.mjs", "JavaScript", 0, 0, 1153, 0, 0, 0, 0, 0, 0, 296, 107, 1556
"c:\Users\paulw\OneDrive\Documents\Development\AlienRPG Module Developemt\alienrpg\module\sheets\territory-sheet.mjs", "JavaScript", 0, 0, 397, 0, 0, 0, 0, 0, 0, 275, 62, 734
"c:\Users\paulw\OneDrive\Documents\Development\AlienRPG Module Developemt\alienrpg\module\sheets\vehicle-sheet.mjs", "JavaScript", 0, 0, 1092, 0, 0, 0, 0, 0, 0, 358, 111, 1561
"c:\Users\paulw\OneDrive\Documents\Development\AlienRPG Module Developemt\alienrpg\module\utils\_module.mjs", "JavaScript", 0, 0, 2, 0, 0, 0, 0, 0, 0, 0, 1, 3
"c:\Users\paulw\OneDrive\Documents\Development\AlienRPG Module Developemt\alienrpg\module\utils\enrich-html.mjs", "JavaScript", 0, 0, 7, 0, 0, 0, 0, 0, 0, 10, 2, 19
"c:\Users\paulw\OneDrive\Documents\Development\AlienRPG Module Developemt\alienrpg\module\utils\formula-field.mjs", "JavaScript", 0, 0, 42, 0, 0, 0, 0, 0, 0, 22, 14, 78
"c:\Users\paulw\OneDrive\Documents\Development\AlienRPG Module Developemt\alienrpg\msgdata\data.json", "JSON", 28, 0, 0, 0, 0, 0, 0, 0, 0, 0, 1, 29
"c:\Users\paulw\OneDrive\Documents\Development\AlienRPG Module Developemt\alienrpg\scss\actor\_alien-crt-actor.scss", "SCSS", 0, 0, 0, 0, 0, 0, 0, 0, 729, 62, 142, 933
"c:\Users\paulw\OneDrive\Documents\Development\AlienRPG Module Developemt\alienrpg\scss\actor\_alien-crt-ui.scss", "SCSS", 0, 0, 0, 0, 0, 0, 0, 0, 427, 76, 66, 569
"c:\Users\paulw\OneDrive\Documents\Development\AlienRPG Module Developemt\alienrpg\scss\alienrpg.scss", "SCSS", 0, 0, 0, 0, 0, 0, 0, 0, 21, 3, 3, 27
"c:\Users\paulw\OneDrive\Documents\Development\AlienRPG Module Developemt\alienrpg\scss\components\_forms.scss", "SCSS", 0, 0, 0, 0, 0, 0, 0, 0, 260, 10, 20, 290
"c:\Users\paulw\OneDrive\Documents\Development\AlienRPG Module Developemt\alienrpg\scss\components\_items.scss", "SCSS", 0, 0, 0, 0, 0, 0, 0, 0, 57, 17, 10, 84
"c:\Users\paulw\OneDrive\Documents\Development\AlienRPG Module Developemt\alienrpg\scss\components\_resource.scss", "SCSS", 0, 0, 0, 0, 0, 0, 0, 0, 32, 6, 4, 42
"c:\Users\paulw\OneDrive\Documents\Development\AlienRPG Module Developemt\alienrpg\scss\components\_tabs.scss", "SCSS", 0, 0, 0, 0, 0, 0, 0, 0, 16, 16, 5, 37
"c:\Users\paulw\OneDrive\Documents\Development\AlienRPG Module Developemt\alienrpg\scss\global\_flex.scss", "SCSS", 0, 0, 0, 0, 0, 0, 0, 0, 47, 6, 2, 55
"c:\Users\paulw\OneDrive\Documents\Development\AlienRPG Module Developemt\alienrpg\scss\global\_grid.scss", "SCSS", 0, 0, 0, 0, 0, 0, 0, 0, 2483, 140, 120, 2743
"c:\Users\paulw\OneDrive\Documents\Development\AlienRPG Module Developemt\alienrpg\scss\global\_itemList.scss", "SCSS", 0, 0, 0, 0, 0, 0, 0, 0, 150, 2, 11, 163
"c:\Users\paulw\OneDrive\Documents\Development\AlienRPG Module Developemt\alienrpg\scss\global\_module.scss", "SCSS", 0, 0, 0, 0, 0, 0, 0, 0, 852, 60, 73, 985
"c:\Users\paulw\OneDrive\Documents\Development\AlienRPG Module Developemt\alienrpg\scss\global\_mother-instruction-images.scss", "SCSS", 0, 0, 0, 0, 0, 0, 0, 0, 618, 0, 15, 633
"c:\Users\paulw\OneDrive\Documents\Development\AlienRPG Module Developemt\alienrpg\scss\global\_select-css.scss", "SCSS", 0, 0, 0, 0, 0, 0, 0, 0, 58, 20, 7, 85
"c:\Users\paulw\OneDrive\Documents\Development\AlienRPG Module Developemt\alienrpg\scss\global\_theme.scss", "SCSS", 0, 0, 0, 0, 0, 0, 0, 0, 5, 0, 2, 7
"c:\Users\paulw\OneDrive\Documents\Development\AlienRPG Module Developemt\alienrpg\scss\global\_window.scss", "SCSS", 0, 0, 0, 0, 0, 0, 0, 0, 585, 36, 56, 677
"c:\Users\paulw\OneDrive\Documents\Development\AlienRPG Module Developemt\alienrpg\scss\utils\_colors.scss", "SCSS", 0, 0, 0, 0, 0, 0, 0, 0, 26, 2, 2, 30
"c:\Users\paulw\OneDrive\Documents\Development\AlienRPG Module Developemt\alienrpg\scss\utils\_mixins.scss", "SCSS", 0, 0, 0, 0, 0, 0, 0, 0, 13, 0, 3, 16
"c:\Users\paulw\OneDrive\Documents\Development\AlienRPG Module Developemt\alienrpg\scss\utils\_typography.scss", "SCSS", 0, 0, 0, 0, 0, 0, 0, 0, 55, 6, 10, 71
"c:\Users\paulw\OneDrive\Documents\Development\AlienRPG Module Developemt\alienrpg\scss\utils\_variables.scss", "SCSS", 0, 0, 0, 0, 0, 0, 0, 0, 3, 76, 3, 82
"c:\Users\paulw\OneDrive\Documents\Development\AlienRPG Module Developemt\alienrpg\src\packs\alien-rpg-system\adventures_Alien_RPG_System_R8mjiz4iJkZGZMIw.json", "JSON", 4355, 0, 0, 0, 0, 0, 0, 0, 0, 0, 1, 4356
"c:\Users\paulw\OneDrive\Documents\Development\AlienRPG Module Developemt\alienrpg\system.json", "JSON", 178, 0, 0, 0, 0, 0, 0, 0, 0, 0, 3, 181
"c:\Users\paulw\OneDrive\Documents\Development\AlienRPG Module Developemt\alienrpg\tables\fvtt-RollTable-panic-response-table-XtyZJcmvv0m6Epl4.json", "JSON", 331, 0, 0, 0, 0, 0, 0, 0, 0, 0, 1, 332
"c:\Users\paulw\OneDrive\Documents\Development\AlienRPG Module Developemt\alienrpg\tables\fvtt-RollTable-stress-response-table-phe9h1ufDbsXtaLT.json", "JSON", 216, 0, 0, 0, 0, 0, 0, 0, 0, 0, 1, 217
"c:\Users\paulw\OneDrive\Documents\Development\AlienRPG Module Developemt\alienrpg\templates\active-effect\config-duration.hbs", "Handlebars", 0, 0, 0, 0, 0, 0, 36, 0, 0, 2, 4, 42
"c:\Users\paulw\OneDrive\Documents\Development\AlienRPG Module Developemt\alienrpg\templates\active-effect\details.hbs", "Handlebars", 0, 0, 0, 0, 0, 0, 18, 0, 0, 0, 3, 21
"c:\Users\paulw\OneDrive\Documents\Development\AlienRPG Module Developemt\alienrpg\templates\active-effect\targeted-condition-prompt.hbs", "Handlebars", 0, 0, 0, 0, 0, 0, 15, 0, 0, 0, 2, 17
"c:\Users\paulw\OneDrive\Documents\Development\AlienRPG Module Developemt\alienrpg\templates\actor\character-enhanced-general.hbs", "Handlebars", 0, 0, 0, 0, 0, 0, 215, 0, 0, 0, 9, 224
"c:\Users\paulw\OneDrive\Documents\Development\AlienRPG Module Developemt\alienrpg\templates\actor\character-enhanced-header.hbs", "Handlebars", 0, 0, 0, 0, 0, 0, 73, 0, 0, 0, 4, 77
"c:\Users\paulw\OneDrive\Documents\Development\AlienRPG Module Developemt\alienrpg\templates\actor\character-general.hbs", "Handlebars", 0, 0, 0, 0, 0, 0, 252, 0, 0, 0, 14, 266
"c:\Users\paulw\OneDrive\Documents\Development\AlienRPG Module Developemt\alienrpg\templates\actor\character-header.hbs", "Handlebars", 0, 0, 0, 0, 0, 0, 63, 0, 0, 0, 7, 70
"c:\Users\paulw\OneDrive\Documents\Development\AlienRPG Module Developemt\alienrpg\templates\actor\character-inventory.hbs", "Handlebars", 0, 0, 0, 0, 0, 0, 308, 0, 0, 0, 14, 322
"c:\Users\paulw\OneDrive\Documents\Development\AlienRPG Module Developemt\alienrpg\templates\actor\character-skills.hbs", "Handlebars", 0, 0, 0, 0, 0, 0, 62, 0, 0, 0, 3, 65
"c:\Users\paulw\OneDrive\Documents\Development\AlienRPG Module Developemt\alienrpg\templates\actor\colony-general.hbs", "Handlebars", 0, 0, 0, 0, 0, 0, 149, 0, 0, 0, 1, 150
"c:\Users\paulw\OneDrive\Documents\Development\AlienRPG Module Developemt\alienrpg\templates\actor\creature-general.hbs", "Handlebars", 0, 0, 0, 0, 0, 0, 38, 0, 0, 0, 2, 40
"c:\Users\paulw\OneDrive\Documents\Development\AlienRPG Module Developemt\alienrpg\templates\actor\creature-header.hbs", "Handlebars", 0, 0, 0, 0, 0, 0, 61, 0, 0, 0, 1, 62
"c:\Users\paulw\OneDrive\Documents\Development\AlienRPG Module Developemt\alienrpg\templates\actor\crt\crtui-character-general.hbs", "Handlebars", 0, 0, 0, 0, 0, 0, 269, 0, 0, 0, 13, 282
"c:\Users\paulw\OneDrive\Documents\Development\AlienRPG Module Developemt\alienrpg\templates\actor\crt\crtui-character-header.hbs", "Handlebars", 0, 0, 0, 0, 0, 0, 104, 0, 0, 0, 6, 110
"c:\Users\paulw\OneDrive\Documents\Development\AlienRPG Module Developemt\alienrpg\templates\actor\crt\crtui-character-inventory.hbs", "Handlebars", 0, 0, 0, 0, 0, 0, 340, 0, 0, 0, 11, 351
"c:\Users\paulw\OneDrive\Documents\Development\AlienRPG Module Developemt\alienrpg\templates\actor\crt\crtui-character-skills.hbs", "Handlebars", 0, 0, 0, 0, 0, 0, 60, 0, 0, 0, 2, 62
"c:\Users\paulw\OneDrive\Documents\Development\AlienRPG Module Developemt\alienrpg\templates\actor\crt\crtui-creature-general.hbs", "Handlebars", 0, 0, 0, 0, 0, 0, 32, 0, 0, 0, 2, 34
"c:\Users\paulw\OneDrive\Documents\Development\AlienRPG Module Developemt\alienrpg\templates\actor\crt\crtui-creature-header.hbs", "Handlebars", 0, 0, 0, 0, 0, 0, 71, 0, 0, 0, 2, 73
"c:\Users\paulw\OneDrive\Documents\Development\AlienRPG Module Developemt\alienrpg\templates\actor\crt\crtui-synthetic-general.hbs", "Handlebars", 0, 0, 0, 0, 0, 0, 261, 0, 0, 0, 7, 268
"c:\Users\paulw\OneDrive\Documents\Development\AlienRPG Module Developemt\alienrpg\templates\actor\crt\crtui-synthetic-header.hbs", "Handlebars", 0, 0, 0, 0, 0, 0, 59, 0, 0, 3, 8, 70
"c:\Users\paulw\OneDrive\Documents\Development\AlienRPG Module Developemt\alienrpg\templates\actor\crt\spacecraft-sheet.html", "HTML", 0, 0, 0, 0, 0, 0, 0, 234, 0, 3, 17, 254
"c:\Users\paulw\OneDrive\Documents\Development\AlienRPG Module Developemt\alienrpg\templates\actor\crt\tabs\actor-inventory.html", "HTML", 0, 0, 0, 0, 0, 0, 0, 324, 0, 6, 13, 343
"c:\Users\paulw\OneDrive\Documents\Development\AlienRPG Module Developemt\alienrpg\templates\actor\crt\tabs\actor-systems.html", "HTML", 0, 0, 0, 0, 0, 0, 0, 26, 0, 0, 2, 28
"c:\Users\paulw\OneDrive\Documents\Development\AlienRPG Module Developemt\alienrpg\templates\actor\crt\tabs\sCraft-major-crit.html", "HTML", 0, 0, 0, 0, 0, 0, 0, 21, 0, 0, 1, 22
"c:\Users\paulw\OneDrive\Documents\Development\AlienRPG Module Developemt\alienrpg\templates\actor\crt\tabs\sCraft-minor-crit.html", "HTML", 0, 0, 0, 0, 0, 0, 0, 21, 0, 0, 2, 23
"c:\Users\paulw\OneDrive\Documents\Development\AlienRPG Module Developemt\alienrpg\templates\actor\crt\tabs\vehicle-inventory.html", "HTML", 0, 0, 0, 0, 0, 0, 0, 385, 0, 4, 5, 394
"c:\Users\paulw\OneDrive\Documents\Development\AlienRPG Module Developemt\alienrpg\templates\actor\crt\territory-sheet.html", "HTML", 0, 0, 0, 0, 0, 0, 0, 42, 0, 2, 9, 53
"c:\Users\paulw\OneDrive\Documents\Development\AlienRPG Module Developemt\alienrpg\templates\actor\crt\vehicles-sheet.html", "HTML", 0, 0, 0, 0, 0, 0, 0, 109, 0, 1, 12, 122
"c:\Users\paulw\OneDrive\Documents\Development\AlienRPG Module Developemt\alienrpg\templates\actor\inline\critical-inj.hbs", "Handlebars", 0, 0, 0, 0, 0, 0, 11, 0, 0, 0, 0, 11
"c:\Users\paulw\OneDrive\Documents\Development\AlienRPG Module Developemt\alienrpg\templates\actor\notes.hbs", "Handlebars", 0, 0, 0, 0, 0, 0, 11, 0, 0, 0, 0, 11
"c:\Users\paulw\OneDrive\Documents\Development\AlienRPG Module Developemt\alienrpg\templates\actor\planet-general.hbs", "Handlebars", 0, 0, 0, 0, 0, 0, 121, 0, 0, 0, 8, 129
"c:\Users\paulw\OneDrive\Documents\Development\AlienRPG Module Developemt\alienrpg\templates\actor\simple-header.hbs", "Handlebars", 0, 0, 0, 0, 0, 0, 5, 0, 0, 0, 0, 5
"c:\Users\paulw\OneDrive\Documents\Development\AlienRPG Module Developemt\alienrpg\templates\actor\spacecraft-combat-phases.hbs", "Handlebars", 0, 0, 0, 0, 0, 0, 31, 0, 0, 0, 1, 32
"c:\Users\paulw\OneDrive\Documents\Development\AlienRPG Module Developemt\alienrpg\templates\actor\spacecraft-general.hbs", "Handlebars", 0, 0, 0, 0, 0, 0, 191, 0, 0, 4, 24, 219
"c:\Users\paulw\OneDrive\Documents\Development\AlienRPG Module Developemt\alienrpg\templates\actor\spacecraft-image.hbs", "Handlebars", 0, 0, 0, 0, 0, 0, 5, 0, 0, 1, 0, 6
"c:\Users\paulw\OneDrive\Documents\Development\AlienRPG Module Developemt\alienrpg\templates\actor\spacecraft-inventory.hbs", "Handlebars", 0, 0, 0, 0, 0, 0, 197, 0, 0, 1, 0, 198
"c:\Users\paulw\OneDrive\Documents\Development\AlienRPG Module Developemt\alienrpg\templates\actor\synthetic-enhanced-general.hbs", "Handlebars", 0, 0, 0, 0, 0, 0, 210, 0, 0, 0, 11, 221
"c:\Users\paulw\OneDrive\Documents\Development\AlienRPG Module Developemt\alienrpg\templates\actor\synthetic-enhanced-header.hbs", "Handlebars", 0, 0, 0, 0, 0, 0, 69, 0, 0, 0, 4, 73
"c:\Users\paulw\OneDrive\Documents\Development\AlienRPG Module Developemt\alienrpg\templates\actor\synthetic-general.hbs", "Handlebars", 0, 0, 0, 0, 0, 0, 237, 0, 0, 0, 11, 248
"c:\Users\paulw\OneDrive\Documents\Development\AlienRPG Module Developemt\alienrpg\templates\actor\synthetic-header.hbs", "Handlebars", 0, 0, 0, 0, 0, 0, 68, 0, 0, 0, 7, 75
"c:\Users\paulw\OneDrive\Documents\Development\AlienRPG Module Developemt\alienrpg\templates\actor\tabs\actor-inventory.html", "HTML", 0, 0, 0, 0, 0, 0, 0, 496, 0, 6, 19, 521
"c:\Users\paulw\OneDrive\Documents\Development\AlienRPG Module Developemt\alienrpg\templates\actor\tabs\actor-systems.html", "HTML", 0, 0, 0, 0, 0, 0, 0, 26, 0, 0, 5, 31
"c:\Users\paulw\OneDrive\Documents\Development\AlienRPG Module Developemt\alienrpg\templates\actor\tabs\colony-installations.html", "HTML", 0, 0, 0, 0, 0, 0, 0, 16, 0, 0, 1, 17
"c:\Users\paulw\OneDrive\Documents\Development\AlienRPG Module Developemt\alienrpg\templates\actor\tabs\colony-policies.html", "HTML", 0, 0, 0, 0, 0, 0, 0, 17, 0, 0, 1, 18
"c:\Users\paulw\OneDrive\Documents\Development\AlienRPG Module Developemt\alienrpg\templates\actor\tabs\colony-projects.html", "HTML", 0, 0, 0, 0, 0, 0, 0, 16, 0, 0, 1, 17
"c:\Users\paulw\OneDrive\Documents\Development\AlienRPG Module Developemt\alienrpg\templates\actor\tabs\critical-inj.html", "HTML", 0, 0, 0, 0, 0, 0, 0, 10, 0, 0, 0, 10
"c:\Users\paulw\OneDrive\Documents\Development\AlienRPG Module Developemt\alienrpg\templates\actor\tabs\sCraft-major-crit.html", "HTML", 0, 0, 0, 0, 0, 0, 0, 15, 0, 0, 1, 16
"c:\Users\paulw\OneDrive\Documents\Development\AlienRPG Module Developemt\alienrpg\templates\actor\tabs\sCraft-minor-crit.html", "HTML", 0, 0, 0, 0, 0, 0, 0, 15, 0, 0, 1, 16
"c:\Users\paulw\OneDrive\Documents\Development\AlienRPG Module Developemt\alienrpg\templates\actor\tabs\spacecraft-armaments.html", "HTML", 0, 0, 0, 0, 0, 0, 0, 40, 0, 1, 6, 47
"c:\Users\paulw\OneDrive\Documents\Development\AlienRPG Module Developemt\alienrpg\templates\actor\tabs\spacecraft-combat-phases.html", "HTML", 0, 0, 0, 0, 0, 0, 0, 39, 0, 0, 1, 40
"c:\Users\paulw\OneDrive\Documents\Development\AlienRPG Module Developemt\alienrpg\templates\actor\tabs\spacecraft-crew.html", "HTML", 0, 0, 0, 0, 0, 0, 0, 77, 0, 0, 5, 82
"c:\Users\paulw\OneDrive\Documents\Development\AlienRPG Module Developemt\alienrpg\templates\actor\tabs\vehicle-inventory.html", "HTML", 0, 0, 0, 0, 0, 0, 0, 315, 0, 4, 10, 329
"c:\Users\paulw\OneDrive\Documents\Development\AlienRPG Module Developemt\alienrpg\templates\actor\territory-general.hbs", "Handlebars", 0, 0, 0, 0, 0, 0, 6, 0, 0, 1, 0, 7
"c:\Users\paulw\OneDrive\Documents\Development\AlienRPG Module Developemt\alienrpg\templates\actor\territory-systems.hbs", "Handlebars", 0, 0, 0, 0, 0, 0, 21, 0, 0, 1, 2, 24
"c:\Users\paulw\OneDrive\Documents\Development\AlienRPG Module Developemt\alienrpg\templates\actor\vehicle-crew.hbs", "Handlebars", 0, 0, 0, 0, 0, 0, 45, 0, 0, 3, 2, 50
"c:\Users\paulw\OneDrive\Documents\Development\AlienRPG Module Developemt\alienrpg\templates\actor\vehicle-general.hbs", "Handlebars", 0, 0, 0, 0, 0, 0, 11, 0, 0, 0, 0, 11
"c:\Users\paulw\OneDrive\Documents\Development\AlienRPG Module Developemt\alienrpg\templates\actor\vehicle-header.hbs", "Handlebars", 0, 0, 0, 0, 0, 0, 29, 0, 0, 0, 0, 29
"c:\Users\paulw\OneDrive\Documents\Development\AlienRPG Module Developemt\alienrpg\templates\actor\vehicle-inventory.hbs", "Handlebars", 0, 0, 0, 0, 0, 0, 145, 0, 0, 0, 10, 155
"c:\Users\paulw\OneDrive\Documents\Development\AlienRPG Module Developemt\alienrpg\templates\chat\crit-roll-character.hbs", "Handlebars", 0, 0, 0, 0, 0, 0, 32, 0, 0, 0, 0, 32
"c:\Users\paulw\OneDrive\Documents\Development\AlienRPG Module Developemt\alienrpg\templates\chat\crit-roll-creature.hbs", "Handlebars", 0, 0, 0, 0, 0, 0, 20, 0, 0, 0, 0, 20
"c:\Users\paulw\OneDrive\Documents\Development\AlienRPG Module Developemt\alienrpg\templates\chat\crit-roll-spacecraft.hbs", "Handlebars", 0, 0, 0, 0, 0, 0, 14, 0, 0, 0, 0, 14
"c:\Users\paulw\OneDrive\Documents\Development\AlienRPG Module Developemt\alienrpg\templates\chat\crit-roll-synthetic.hbs", "Handlebars", 0, 0, 0, 0, 0, 0, 20, 0, 0, 0, 0, 20
"c:\Users\paulw\OneDrive\Documents\Development\AlienRPG Module Developemt\alienrpg\templates\chat\panic-response-roll.hbs", "Handlebars", 0, 0, 0, 0, 0, 0, 19, 0, 0, 0, 0, 19
"c:\Users\paulw\OneDrive\Documents\Development\AlienRPG Module Developemt\alienrpg\templates\chat\ship-combat.hbs", "Handlebars", 0, 0, 0, 0, 0, 0, 12, 0, 0, 0, 0, 12
"c:\Users\paulw\OneDrive\Documents\Development\AlienRPG Module Developemt\alienrpg\templates\chat\stress-response-roll.hbs", "Handlebars", 0, 0, 0, 0, 0, 0, 19, 0, 0, 0, 0, 19
"c:\Users\paulw\OneDrive\Documents\Development\AlienRPG Module Developemt\alienrpg\templates\dialog\roll-all-dialog.hbs", "Handlebars", 0, 0, 0, 0, 0, 0, 9, 0, 0, 0, 0, 9
"c:\Users\paulw\OneDrive\Documents\Development\AlienRPG Module Developemt\alienrpg\templates\dialog\roll-attr-dialog.hbs", "Handlebars", 0, 0, 0, 0, 0, 0, 4, 0, 0, 0, 0, 4
"c:\Users\paulw\OneDrive\Documents\Development\AlienRPG Module Developemt\alienrpg\templates\dialog\roll-base-dialog.hbs", "Handlebars", 0, 0, 0, 0, 0, 0, 5, 0, 0, 0, 0, 5
"c:\Users\paulw\OneDrive\Documents\Development\AlienRPG Module Developemt\alienrpg\templates\dialog\roll-base-xeno-dialog.hbs", "Handlebars", 0, 0, 0, 0, 0, 0, 5, 0, 0, 0, 0, 5
"c:\Users\paulw\OneDrive\Documents\Development\AlienRPG Module Developemt\alienrpg\templates\dialog\roll-char-manual-crit-dialog.hbs", "Handlebars", 0, 0, 0, 0, 0, 0, 4, 0, 0, 0, 0, 4
"c:\Users\paulw\OneDrive\Documents\Development\AlienRPG Module Developemt\alienrpg\templates\dialog\roll-manual-creature-attack-dialog.hbs", "Handlebars", 0, 0, 0, 0, 0, 0, 4, 0, 0, 0, 0, 4
"c:\Users\paulw\OneDrive\Documents\Development\AlienRPG Module Developemt\alienrpg\templates\dialog\roll-ranged-weapon-dialog.hbs", "Handlebars", 0, 0, 0, 0, 0, 0, 47, 0, 0, 0, 0, 47
"c:\Users\paulw\OneDrive\Documents\Development\AlienRPG Module Developemt\alienrpg\templates\dialog\roll-resolve-dialog.hbs", "Handlebars", 0, 0, 0, 0, 0, 0, 5, 0, 0, 0, 0, 5
"c:\Users\paulw\OneDrive\Documents\Development\AlienRPG Module Developemt\alienrpg\templates\dialog\roll-space-comtech.hbs", "Handlebars", 0, 0, 0, 0, 0, 0, 24, 0, 0, 0, 0, 24
"c:\Users\paulw\OneDrive\Documents\Development\AlienRPG Module Developemt\alienrpg\templates\dialog\roll-spacecraft-major-crit-dialog.hbs", "Handlebars", 0, 0, 0, 0, 0, 0, 4, 0, 0, 0, 0, 4
"c:\Users\paulw\OneDrive\Documents\Development\AlienRPG Module Developemt\alienrpg\templates\dialog\roll-spacecraft-minor-crit-dialog.hbs", "Handlebars", 0, 0, 0, 0, 0, 0, 4, 0, 0, 0, 0, 4
"c:\Users\paulw\OneDrive\Documents\Development\AlienRPG Module Developemt\alienrpg\templates\dialog\roll-stress-dialog.hbs", "Handlebars", 0, 0, 0, 0, 0, 0, 5, 0, 0, 0, 0, 5
"c:\Users\paulw\OneDrive\Documents\Development\AlienRPG Module Developemt\alienrpg\templates\dialog\roll-supplymod-dialog.html", "HTML", 0, 0, 0, 0, 0, 0, 0, 7, 0, 0, 0, 7
"c:\Users\paulw\OneDrive\Documents\Development\AlienRPG Module Developemt\alienrpg\templates\dialog\roll-syn-manual-crit-dialog.hbs", "Handlebars", 0, 0, 0, 0, 0, 0, 4, 0, 0, 0, 0, 4
"c:\Users\paulw\OneDrive\Documents\Development\AlienRPG Module Developemt\alienrpg\templates\dialog\roll-vehicle-weapon.hbs", "Handlebars", 0, 0, 0, 0, 0, 0, 20, 0, 0, 0, 0, 20
"c:\Users\paulw\OneDrive\Documents\Development\AlienRPG Module Developemt\alienrpg\templates\dialog\switch-initiative.html", "HTML", 0, 0, 0, 0, 0, 0, 0, 10, 0, 0, 1, 11
"c:\Users\paulw\OneDrive\Documents\Development\AlienRPG Module Developemt\alienrpg\templates\item\item-agenda.hbs", "Handlebars", 0, 0, 0, 0, 0, 0, 20, 0, 0, 0, 0, 20
"c:\Users\paulw\OneDrive\Documents\Development\AlienRPG Module Developemt\alienrpg\templates\item\item-armor.hbs", "Handlebars", 0, 0, 0, 0, 0, 0, 20, 0, 0, 0, 0, 20
"c:\Users\paulw\OneDrive\Documents\Development\AlienRPG Module Developemt\alienrpg\templates\item\item-colony-initiative.hbs", "Handlebars", 0, 0, 0, 0, 0, 0, 49, 0, 0, 0, 0, 49
"c:\Users\paulw\OneDrive\Documents\Development\AlienRPG Module Developemt\alienrpg\templates\item\item-crit-inj.hbs", "Handlebars", 0, 0, 0, 0, 0, 0, 20, 0, 0, 0, 2, 22
"c:\Users\paulw\OneDrive\Documents\Development\AlienRPG Module Developemt\alienrpg\templates\item\item-header.hbs", "Handlebars", 0, 0, 0, 0, 0, 0, 198, 0, 0, 0, 6, 204
"c:\Users\paulw\OneDrive\Documents\Development\AlienRPG Module Developemt\alienrpg\templates\item\item-modifiers.hbs", "Handlebars", 0, 0, 0, 0, 0, 0, 98, 0, 0, 0, 1, 99
"c:\Users\paulw\OneDrive\Documents\Development\AlienRPG Module Developemt\alienrpg\templates\item\item-notes.hbs", "Handlebars", 0, 0, 0, 0, 0, 0, 13, 0, 0, 0, 1, 14
"c:\Users\paulw\OneDrive\Documents\Development\AlienRPG Module Developemt\alienrpg\templates\item\item-planet-description.hbs", "Handlebars", 0, 0, 0, 0, 0, 0, 13, 0, 0, 0, 1, 14
"c:\Users\paulw\OneDrive\Documents\Development\AlienRPG Module Developemt\alienrpg\templates\item\item-planet-system.hbs", "Handlebars", 0, 0, 0, 0, 0, 0, 37, 0, 0, 0, 3, 40
"c:\Users\paulw\OneDrive\Documents\Development\AlienRPG Module Developemt\alienrpg\templates\item\item-sheet.hbs", "Handlebars", 0, 0, 0, 0, 0, 0, 98, 0, 0, 0, 2, 100
"c:\Users\paulw\OneDrive\Documents\Development\AlienRPG Module Developemt\alienrpg\templates\item\item-skill-stunts.hbs", "Handlebars", 0, 0, 0, 0, 0, 0, 12, 0, 0, 0, 2, 14
"c:\Users\paulw\OneDrive\Documents\Development\AlienRPG Module Developemt\alienrpg\templates\item\item-spacecraft-crit.hbs", "Handlebars", 0, 0, 0, 0, 0, 0, 13, 0, 0, 0, 0, 13
"c:\Users\paulw\OneDrive\Documents\Development\AlienRPG Module Developemt\alienrpg\templates\item\item-spacecraftmods.hbs", "Handlebars", 0, 0, 0, 0, 0, 0, 24, 0, 0, 0, 1, 25
"c:\Users\paulw\OneDrive\Documents\Development\AlienRPG Module Developemt\alienrpg\templates\item\item-spacecraftweapons.hbs", "Handlebars", 0, 0, 0, 0, 0, 0, 44, 0, 0, 0, 11, 55
"c:\Users\paulw\OneDrive\Documents\Development\AlienRPG Module Developemt\alienrpg\templates\item\item-specialty.hbs", "Handlebars", 0, 0, 0, 0, 0, 0, 13, 0, 0, 0, 0, 13
"c:\Users\paulw\OneDrive\Documents\Development\AlienRPG Module Developemt\alienrpg\templates\item\item-talent.hbs", "Handlebars", 0, 0, 0, 0, 0, 0, 23, 0, 0, 0, 0, 23
"c:\Users\paulw\OneDrive\Documents\Development\AlienRPG Module Developemt\alienrpg\templates\item\item-weapon.hbs", "Handlebars", 0, 0, 0, 0, 0, 0, 64, 0, 0, 1, 8, 73
"c:\Users\paulw\OneDrive\Documents\Development\AlienRPG Module Developemt\alienrpg\templates\system\alienprgSettings.hbs", "Handlebars", 0, 0, 0, 0, 0, 0, 50, 0, 0, 0, 4, 54
"c:\Users\paulw\OneDrive\Documents\Development\AlienRPG Module Developemt\alienrpg\tools\pullJSONtoLDB.mjs", "JavaScript", 0, 0, 10, 0, 0, 0, 0, 0, 0, 0, 3, 13
"c:\Users\paulw\OneDrive\Documents\Development\AlienRPG Module Developemt\alienrpg\tools\pushLDBtoJSON.mjs", "JavaScript", 0, 0, 29, 0, 0, 0, 0, 0, 0, 4, 4, 37
"Total", "-", 11127, 20, 28921, 55, 6187, 36, 5035, 3590, 6437, 5190, 4103, 70701